#From;To;Type;Through;start_x;start_y;stop_x;stop_y;Comment


#River adjacencies

8050;8049;sea;3285;1;1;1;1;Mali
8050;8051;sea;3281;1;1;1;1;Mali
8050;8056;sea;3281;1;1;1;1;Mali
8054;8056;sea;3280;1;1;1;1;Mali
8060;8057;sea;3280;1;1;1;1;Mali
8060;8058;sea;3280;1;1;1;1;Mali
8061;8058;sea;3279;1;1;1;1;Mali
8061;8059;sea;3279;1;1;1;1;Mali
8062;8059;sea;3279;1;1;1;1;Mali
3282;8059;sea;3279;1;1;1;1;Mali
3282;8086;sea;3279;1;1;1;1;Mali
3282;8084;sea;3279;1;1;1;1;Mali
8071;8084;sea;3278;1;1;1;1;Mali
8071;8070;sea;3278;1;1;1;1;Mali
8087;8070;sea;3278;1;1;1;1;Mali
8087;8085;sea;3278;1;1;1;1;Mali
3283;8085;sea;3278;1;1;1;1;Mali
8069;8085;sea;3278;1;1;1;1;Mali
8069;8083;sea;3278;1;1;1;1;Mali
8069;8077;sea;3273;1;1;1;1;Mali
8072;8077;sea;3273;1;1;1;1;Mali
8072;8078;sea;3273;1;1;1;1;Mali
8073;8078;sea;3273;1;1;1;1;Mali
8073;8079;sea;3273;1;1;1;1;Mali
8074;8079;sea;3273;1;1;1;1;Mali
8074;8080;sea;3272;1;1;1;1;Mali
8075;8080;sea;3272;1;1;1;1;Mali
8076;8080;sea;3272;1;1;1;1;Mali
8076;8081;sea;3272;1;1;1;1;Mali
8076;8090;sea;3271;1;1;1;1;Mali
8095;8090;sea;3271;1;1;1;1;Mali
8096;8090;sea;3271;1;1;1;1;Mali
8096;8091;sea;3271;1;1;1;1;Mali
8097;8091;sea;3271;1;1;1;1;Mali
8097;8092;sea;3271;1;1;1;1;Mali
8098;8092;sea;3270;1;1;1;1;Mali
8098;8093;sea;3270;1;1;1;1;Mali
8119;8093;sea;3270;1;1;1;1;Mali

6817;6813;sea;7678;1;1;1;1;Irrawady
6820;6813;sea;7678;1;1;1;1;Irrawady
6816;6817;sea;7678;1;1;1;1;Irrawady
6816;6824;sea;7678;1;1;1;1;Irrawady
6816;6812;sea;7678;1;1;1;1;Irrawady
6816;6811;sea;7678;1;1;1;1;Irrawady
6811;6808;sea;7677;1;1;1;1;Irrawady
6812;6808;sea;7677;1;1;1;1;Irrawady
6812;6809;sea;7677;1;1;1;1;Irrawady
6813;6809;sea;7677;1;1;1;1;Irrawady
6820;6814;sea;7677;1;1;1;1;Irrawady
6822;6814;sea;7677;1;1;1;1;Irrawady
6822;6821;sea;7679;1;1;1;1;Irrawady
6757;6821;sea;7679;1;1;1;1;Irrawady
6757;6805;sea;7679;1;1;1;1;Irrawady
6756;6805;sea;7679;1;1;1;1;Irrawady
6756;6804;sea;7679;1;1;1;1;Irrawady
6759;6804;sea;7679;1;1;1;1;Irrawady
6762;6804;sea;7679;1;1;1;1;Irrawady
6762;6803;sea;7679;1;1;1;1;Irrawady
6761;6803;sea;7679;1;1;1;1;Irrawady
6761;6802;sea;7679;1;1;1;1;Irrawady
6763;6802;sea;7680;1;1;1;1;Irrawady
6763;6801;sea;7680;1;1;1;1;Irrawady
6763;6797;sea;7680;1;1;1;1;Irrawady
6785;6797;sea;7680;1;1;1;1;Irrawady
6785;6798;sea;7680;1;1;1;1;Irrawady
6785;6782;sea;7680;1;1;1;1;Irrawady
6784;6782;sea;7680;1;1;1;1;Irrawady
6784;6783;sea;7680;1;1;1;1;Irrawady

7579;7578;sea;6862;1;1;1;1;Mekong
7579;7671;sea;6862;1;1;1;1;Mekong
7577;7671;sea;6862;1;1;1;1;Mekong
7577;7578;sea;6862;1;1;1;1;Mekong
7580;7578;sea;6862;1;1;1;1;Mekong
7575;7578;sea;6862;1;1;1;1;Mekong
7674;7578;sea;6862;1;1;1;1;Mekong
7580;7575;sea;6862;1;1;1;1;Mekong
7581;7575;sea;7675;1;1;1;1;Mekong
7581;7587;sea;7675;1;1;1;1;Mekong
7581;7583;sea;7675;1;1;1;1;Mekong
7826;7583;sea;7675;1;1;1;1;Mekong
7826;7584;sea;7675;1;1;1;1;Mekong
7582;7584;sea;7675;1;1;1;1;Mekong
7582;7823;sea;7675;1;1;1;1;Mekong
7601;7823;sea;7675;1;1;1;1;Mekong
7602;7823;sea;7676;1;1;1;1;Mekong
7602;7596;sea;7676;1;1;1;1;Mekong
7603;7596;sea;7676;1;1;1;1;Mekong
7603;7598;sea;7676;1;1;1;1;Mekong
7604;7598;sea;7676;1;1;1;1;Mekong
7604;7824;sea;7676;1;1;1;1;Mekong
7611;7824;sea;7676;1;1;1;1;Mekong

133;8570;sea;1601;1;1;1;1;Baetis
133;6508;sea;1601;1;1;1;1;Baetis
8569;135;sea;1601;1;1;1;1;Baetis
134;135;sea;1601;1;1;1;1;Baetis
172;135;sea;1601;1;1;1;1;Baetis
172;8573;sea;1601;1;1;1;1;Baetis
171;8573;sea;1601;1;1;1;1;Baetis
171;143;sea;1601;1;1;1;1;Baetis
170;8577;sea;1600;1;1;1;1;Baetis

6502;6501;sea;1603;1;1;1;1;Iberus
210;6501;sea;1603;1;1;1;1;Iberus
210;248;sea;1603;1;1;1;1;Iberus
215;248;sea;1603;1;1;1;1;Iberus
215;246;sea;1603;1;1;1;1;Iberus
215;245;sea;1603;1;1;1;1;Iberus

489;490;sea;1599;1;1;1;1;Mosa
493;491;sea;1599;1;1;1;1;Mosa

490;1742;sea;1598;1;1;1;1;Rhenus
491;1742;sea;1598;1;1;1;1;Rhenus
491;1746;sea;1598;1;1;1;1;Rhenus
491;1749;sea;1598;1;1;1;1;Rhenus
492;1749;sea;1598;1;1;1;1;Rhenus
492;1751;sea;1598;1;1;1;1;Rhenus
510;1751;sea;1598;1;1;1;1;Rhenus
510;1752;sea;1597;1;1;1;1;Rhenus
511;1752;sea;1597;1;1;1;1;Rhenus
511;1763;sea;1597;1;1;1;1;Rhenus
507;1763;sea;1597;1;1;1;1;Rhenus
507;1769;sea;1596;1;1;1;1;Rhenus
1763;1769;sea;1595;1;1;1;1;Rhenus
1765;1769;sea;1595;1;1;1;1;Rhenus
1766;1769;sea;1595;1;1;1;1;Rhenus
1766;1775;sea;1595;1;1;1;1;Rhenus
1768;1775;sea;1595;1;1;1;1;Rhenus
1768;1778;sea;1595;1;1;1;1;Rhenus

1781;1809;sea;1594;1;1;1;1;Albis
1785;1809;sea;1594;1;1;1;1;Albis
1785;1811;sea;1594;1;1;1;1;Albis
1786;1811;sea;1594;1;1;1;1;Albis
1786;8159;sea;1594;1;1;1;1;Albis
1789;8159;sea;1594;1;1;1;1;Albis
1789;1830;sea;1594;1;1;1;1;Albis
1790;1830;sea;1594;1;1;1;1;Albis
1790;1834;sea;1593;1;1;1;1;Albis
1790;1841;sea;1593;1;1;1;1;Albis

1837;1869;sea;1919;1;1;1;1;Viadrus
1838;1869;sea;1919;1;1;1;1;Viadrus
1838;1868;sea;1919;1;1;1;1;Viadrus
1838;1870;sea;1919;1;1;1;1;Viadrus
1842;1870;sea;1919;1;1;1;1;Viadrus
1842;1878;sea;1919;1;1;1;1;Viadrus
1844;1878;sea;1919;1;1;1;1;Viadrus

1990;7190;sea;1614;1;1;1;1;Borysthenes
1991;7190;sea;1614;1;1;1;1;Borysthenes
7302;7268;sea;1614;1;1;1;1;Borysthenes
7302;7196;sea;1614;1;1;1;1;Borysthenes
1977;7196;sea;1614;1;1;1;1;Borysthenes
7310;7197;sea;1614;1;1;1;1;Borysthenes
7273;7197;sea;1614;1;1;1;1;Borysthenes
7273;7191;sea;1614;1;1;1;1;Borysthenes
7273;3230;sea;1614;1;1;1;1;Borysthenes
1978;3230;sea;1614;1;1;1;1;Borysthenes
7271;3230;sea;1614;1;1;1;1;Borysthenes
7271;1981;sea;1614;1;1;1;1;Borysthenes
7271;2038;sea;1614;1;1;1;1;Borysthenes
7272;2038;sea;1614;1;1;1;1;Borysthenes
7272;7257;sea;1614;1;1;1;1;Borysthenes
2035;7257;sea;1613;1;1;1;1;Borysthenes
2035;2041;sea;1613;1;1;1;1;Borysthenes
7278;2041;sea;1613;1;1;1;1;Borysthenes
7278;2040;sea;1613;1;1;1;1;Borysthenes
7277;2040;sea;1613;1;1;1;1;Borysthenes

7329;2013;sea;1615;1;1;1;1;Tanais
7329;2050;sea;1615;1;1;1;1;Tanais
7332;2050;sea;1615;1;1;1;1;Tanais
2094;2050;sea;1615;1;1;1;1;Tanais
2094;7216;sea;1615;1;1;1;1;Tanais
7331;7216;sea;1615;1;1;1;1;Tanais
7331;2056;sea;1615;1;1;1;1;Tanais
7331;7217;sea;1615;1;1;1;1;Tanais
7330;7217;sea;1615;1;1;1;1;Tanais
7335;7217;sea;1615;1;1;1;1;Tanais
7335;7218;sea;1615;1;1;1;1;Tanais
1983;7218;sea;1615;1;1;1;1;Tanais
7336;7218;sea;1615;1;1;1;1;Tanais
7336;7219;sea;1615;1;1;1;1;Tanais
7333;7219;sea;1615;1;1;1;1;Tanais
7333;1982;sea;1615;1;1;1;1;Tanais
7334;1982;sea;1615;1;1;1;1;Tanais
2064;1982;sea;1615;1;1;1;1;Tanais
2063;1982;sea;1615;1;1;1;1;Tanais
2062;1982;sea;1615;1;1;1;1;Tanais
2062;2059;sea;1615;1;1;1;1;Tanais
2060;2059;sea;1615;1;1;1;1;Tanais
2060;2057;sea;1615;1;1;1;1;Tanais
7227;2057;sea;1615;1;1;1;1;Tanais
7227;7237;sea;1615;1;1;1;1;Tanais

2106;7406;sea;1616;1;1;1;1;Rha/Attila
7407;2106;sea;1616;1;1;1;1;Rha/Attila
7407;7406;sea;1616;1;1;1;1;Rha/Attila
7407;7403;sea;1616;1;1;1;1;Rha/Attila
2111;7403;sea;1616;1;1;1;1;Rha/Attila
2111;7404;sea;1616;1;1;1;1;Rha/Attila
7399;7404;sea;1616;1;1;1;1;Rha/Attila
7399;2904;sea;1616;1;1;1;1;Rha/Attila
2108;2904;sea;1616;1;1;1;1;Rha/Attila
7398;2904;sea;1616;1;1;1;1;Rha/Attila
7398;7402;sea;1616;1;1;1;1;Rha/Attila
7398;7401;sea;1616;1;1;1;1;Rha/Attila
2107;7401;sea;1616;1;1;1;1;Rha/Attila
2107;2905;sea;1616;1;1;1;1;Rha/Attila
7371;2905;sea;1616;1;1;1;1;Rha/Attila
7334;2905;sea;1617;1;1;1;1;Rha/Attila
2064;2905;sea;1617;1;1;1;1;Rha/Attila
2064;7400;sea;1617;1;1;1;1;Rha/Attila
7232;7400;sea;1617;1;1;1;1;Rha/Attila

1217;1805;sea;1608;1;1;1;1;Danube
1218;1805;sea;1608;1;1;1;1;Danube
1219;1805;sea;1608;1;1;1;1;Danube
1219;1852;sea;1608;1;1;1;1;Danube
1220;1852;sea;1608;1;1;1;1;Danube
1223;1852;sea;1608;1;1;1;1;Danube
1223;1853;sea;1608;1;1;1;1;Danube
1225;1853;sea;1608;1;1;1;1;Danube
1226;1853;sea;1608;1;1;1;1;Danube
1226;1854;sea;1608;1;1;1;1;Danube
1226;1855;sea;1608;1;1;1;1;Danube
1227;1855;sea;1608;1;1;1;1;Danube
1227;1865;sea;1608;1;1;1;1;Danube
1233;1865;sea;1608;1;1;1;1;Danube
1233;1902;sea;1609;1;1;1;1;Danube
1239;1902;sea;1609;1;1;1;1;Danube
1239;1904;sea;1609;1;1;1;1;Danube
1240;1904;sea;1609;1;1;1;1;Danube
1240;1908;sea;1609;1;1;1;1;Danube
1240;1913;sea;1609;1;1;1;1;Danube
1242;1913;sea;1609;1;1;1;1;Danube
1247;1913;sea;1609;1;1;1;1;Danube
1247;1914;sea;1609;1;1;1;1;Danube
1247;1915;sea;1609;1;1;1;1;Danube
1248;1915;sea;1610;1;1;1;1;Danube
1182;1915;sea;1610;1;1;1;1;Danube
1182;1916;sea;1610;1;1;1;1;Danube
1183;1916;sea;1610;1;1;1;1;Danube
1183;1922;sea;1610;1;1;1;1;Danube
1188;1922;sea;1610;1;1;1;1;Danube
1188;1925;sea;1610;1;1;1;1;Danube
1189;1925;sea;1611;1;1;1;1;Danube
1189;1931;sea;1611;1;1;1;1;Danube
1126;1931;sea;1611;1;1;1;1;Danube
1126;1933;sea;1611;1;1;1;1;Danube
1121;1935;sea;1611;1;1;1;1;Danube
1119;1938;sea;1611;1;1;1;1;Danube
1107;1938;sea;1612;1;1;1;1;Danube
1107;1943;sea;1612;1;1;1;1;Danube
1103;1943;sea;1612;1;1;1;1;Danube
1102;1943;sea;1612;1;1;1;1;Danube
1102;1945;sea;1612;1;1;1;1;Danube
1099;1945;sea;1612;1;1;1;1;Danube
1099;1947;sea;1612;1;1;1;1;Danube
1098;1984;sea;1612;1;1;1;1;Danube
1098;1985;sea;1612;1;1;1;1;Danube
5849;1938;sea;1612;1;1;1;1;Danube
5849;1935;sea;1612;1;1;1;1;Danube
5850;1931;sea;1611;1;1;1;1;Danube
5850;1933;sea;1611;1;1;1;1;Danube
5851;1933;sea;1611;1;1;1;1;Danube
5851;1935;sea;1611;1;1;1;1;Danube
8621;7321;sea;8622;1;1;1;1;Danube
8621;1097;sea;8622;1;1;1;1;Danube
8621;1098;sea;8622;1;1;1;1;Danube

729;734;sea;1604;1;1;1;1;Nile
729;735;sea;1604;1;1;1;1;Nile
731;744;sea;1604;1;1;1;1;Nile
745;744;sea;1604;1;1;1;1;Nile
737;738;sea;1604;1;1;1;1;Nile
737;739;sea;1604;1;1;1;1;Nile
736;739;sea;1604;1;1;1;1;Nile
735;739;sea;1604;1;1;1;1;Nile
735;740;sea;1604;1;1;1;1;Nile
734;735;sea;1604;1;1;1;1;Nile
748;750;sea;1605;1;1;1;1;Nile
748;751;sea;1605;1;1;1;1;Nile
752;753;sea;1605;1;1;1;1;Nile
754;6254;sea;1605;1;1;1;1;Nile
756;6263;sea;1606;1;1;1;1;Nile
756;755;sea;1606;1;1;1;1;Nile
757;6263;sea;1606;1;1;1;1;Nile
757;758;sea;1606;1;1;1;1;Nile
760;758;sea;1606;1;1;1;1;Nile
761;6262;sea;1606;1;1;1;1;Nile
761;759;sea;1606;1;1;1;1;Nile
761;763;sea;1607;1;1;1;1;Nile
761;762;sea;1607;1;1;1;1;Nile
3237;762;sea;1607;1;1;1;1;Nile
781;762;sea;1607;1;1;1;1;Nile
781;780;sea;1607;1;1;1;1;Nile
781;782;sea;1607;1;1;1;1;Nile
783;782;sea;1607;1;1;1;1;Nile
6247;737;sea;1604;1;1;1;1;Nile
6247;736;sea;1604;1;1;1;1;Nile
6247;735;sea;1604;1;1;1;1;Nile
6247;734;sea;1604;1;1;1;1;Nile
6247;6246;sea;1604;1;1;1;1;Nile
6246;730;sea;1604;1;1;1;1;Nile
6246;6244;sea;1604;1;1;1;1;Nile
6244;734;sea;1604;1;1;1;1;Nile
6243;729;sea;1604;1;1;1;1;Nile
6243;740;sea;1604;1;1;1;1;Nile
6243;744;sea;1604;1;1;1;1;Nile
6243;731;sea;1604;1;1;1;1;Nile
6249;745;sea;1605;1;1;1;1;Nile
6249;6251;sea;1605;1;1;1;1;Nile
6251;750;sea;1605;1;1;1;1;Nile
6253;782;sea;1607;1;1;1;1;Nile
752;751;sea;1605;1;1;1;1;Nile
6256;751;sea;1605;1;1;1;1;Nile
6255;751;sea;1605;1;1;1;1;Nile
6258;6254;sea;1605;1;1;1;1;Nile
6258;753;sea;1605;1;1;1;1;Nile
6257;753;sea;1605;1;1;1;1;Nile
6259;6254;sea;1606;1;1;1;1;Nile
6259;755;sea;1606;1;1;1;1;Nile
6260;758;sea;1606;1;1;1;1;Nile
760;6262;sea;1606;1;1;1;1;Nile
6261;762;sea;1607;1;1;1;1;Nile
6261;763;sea;1607;1;1;1;1;Nile
732;6244;sea;8563;1;1;1;1;Nile
6245;729;sea;8563;1;1;1;1;Nile

4897;7123;sea;1620;1;1;1;1;Euphrates
4897;2369;sea;1620;1;1;1;1;Euphrates
7146;2369;sea;1620;1;1;1;1;Euphrates
7146;7125;sea;1620;1;1;1;1;Euphrates
7150;7125;sea;1620;1;1;1;1;Euphrates
7152;7125;sea;1620;1;1;1;1;Euphrates
7152;2368;sea;1620;1;1;1;1;Euphrates
7153;2368;sea;1620;1;1;1;1;Euphrates
4900;2368;sea;1620;1;1;1;1;Euphrates
4900;3449;sea;1620;1;1;1;1;Euphrates
4900;7126;sea;1620;1;1;1;1;Euphrates
7154;7126;sea;1620;1;1;1;1;Euphrates
7154;2367;sea;1620;1;1;1;1;Euphrates
2352;2367;sea;1620;1;1;1;1;Euphrates
2352;7129;sea;1620;1;1;1;1;Euphrates
2353;7129;sea;1620;1;1;1;1;Euphrates
2353;2366;sea;1620;1;1;1;1;Euphrates
2353;2364;sea;1620;1;1;1;1;Euphrates
2354;2364;sea;1620;1;1;1;1;Euphrates
2354;2363;sea;1619;1;1;1;1;Euphrates
2356;2363;sea;1619;1;1;1;1;Euphrates
2356;2362;sea;1619;1;1;1;1;Euphrates
2356;2362;sea;1619;1;1;1;1;Euphrates
2357;2362;sea;1619;1;1;1;1;Euphrates
2357;2361;sea;1619;1;1;1;1;Euphrates
2358;2361;sea;1619;1;1;1;1;Euphrates
2358;2360;sea;1619;1;1;1;1;Euphrates
2359;2360;sea;1619;1;1;1;1;Euphrates
2359;2498;sea;1619;1;1;1;1;Euphrates
2510;2498;sea;1618;1;1;1;1;Euphrates
2510;2500;sea;1618;1;1;1;1;Euphrates
2511;2501;sea;1618;1;1;1;1;Euphrates
2511;4874;sea;1618;1;1;1;1;Euphrates
2512;4874;sea;1618;1;1;1;1;Euphrates
2512;4875;sea;1618;1;1;1;1;Euphrates
2512;2503;sea;1618;1;1;1;1;Euphrates
2512;4873;sea;1618;1;1;1;1;Euphrates
2515;4873;sea;1618;1;1;1;1;Euphrates
2515;2507;sea;5496;1;1;1;1;Euphrates
2515;2509;sea;5496;1;1;1;1;Euphrates
2516;2509;sea;5496;1;1;1;1;Euphrates
2516;3459;sea;5496;1;1;1;1;Euphrates
2518;3459;sea;3478;1;1;1;1;Euphrates
2518;4846;sea;3478;1;1;1;1;Euphrates
2518;4871;sea;3478;1;1;1;1;Euphrates
4871;4846;sea;3478;1;1;1;1;Euphrates
2510;2499;sea;1618;1;1;1;1;Euphrates
2511;2500;sea;1618;1;1;1;1;Euphrates

2473;2478;sea;1622;1;1;1;1;Tigris
3988;2478;sea;1622;1;1;1;1;Tigris
3988;2482;sea;1622;1;1;1;1;Tigris
2479;2482;sea;1622;1;1;1;1;Tigris
2479;2483;sea;1622;1;1;1;1;Tigris
2491;2483;sea;1622;1;1;1;1;Tigris
2491;3454;sea;1622;1;1;1;1;Tigris
2491;4854;sea;1622;1;1;1;1;Tigris
2497;4854;sea;1622;1;1;1;1;Tigris
3985;2652;sea;1621;1;1;1;1;Tigris
4905;3456;sea;1621;1;1;1;1;Tigris
3455;2656;sea;1621;1;1;1;1;Tigris
4904;2656;sea;1621;1;1;1;1;Tigris
2505;3462;sea;1621;1;1;1;1;Tigris
2505;2659;sea;1621;1;1;1;1;Tigris
3986;5630;sea;1621;1;1;1;1;Tigris
2508;3464;sea;5497;1;1;1;1;Tigris
4871;2667;sea;5497;1;1;1;1;Tigris
4871;3468;sea;5497;1;1;1;1;Tigris
6270;2497;sea;1622;1;1;1;1;Tigris
6275;6269;sea;1621;1;1;1;1;Tigris
6269;2489;sea;1621;1;1;1;1;Tigris
6277;2489;sea;1621;1;1;1;1;Tigris
6277;2652;sea;1621;1;1;1;1;Tigris
3985;6276;sea;1621;1;1;1;1;Tigris
4905;6276;sea;1621;1;1;1;1;Tigris
4905;2656;sea;1621;1;1;1;1;Tigris
3455;3456;sea;1621;1;1;1;1;Tigris
2505;5630;sea;1621;1;1;1;1;Tigris
3986;6282;sea;5497;1;1;1;1;Tigris
2508;6282;sea;5497;1;1;1;1;Tigris

2669;4942;sea;4844;1;1;1;1;Pasitigris
2669;3470;sea;4844;1;1;1;1;Pasitigris
2668;3470;sea;4844;1;1;1;1;Pasitigris
2668;3467;sea;4844;1;1;1;1;Pasitigris
2670;3467;sea;4844;1;1;1;1;Pasitigris

3701;2927;sea;1625;1;1;1;1;Indus
3702;3519;sea;1624;1;1;1;1;Indus
3702;2929;sea;1624;1;1;1;1;Indus
2811;2929;sea;1624;1;1;1;1;Indus
2811;3518;sea;1624;1;1;1;1;Indus
2811;2928;sea;1624;1;1;1;1;Indus
3514;2928;sea;1624;1;1;1;1;Indus
2802;2928;sea;1624;1;1;1;1;Indus
2802;3517;sea;1624;1;1;1;1;Indus
3513;3517;sea;1624;1;1;1;1;Indus
3513;3516;sea;1624;1;1;1;1;Indus
2801;3516;sea;1624;1;1;1;1;Indus
2801;3486;sea;1624;1;1;1;1;Indus
3512;2922;sea;1623;1;1;1;1;Indus
2795;2922;sea;1623;1;1;1;1;Indus
2795;2924;sea;1623;1;1;1;1;Indus
3510;2924;sea;1623;1;1;1;1;Indus
3510;3489;sea;1623;1;1;1;1;Indus
2912;3509;sea;1623;1;1;1;1;Indus
2912;3489;sea;1623;1;1;1;1;Indus

2920;2919;sea;1644;1;1;1;1;Narmada
3920;3577;sea;1644;1;1;1;1;Narmada
3102;3577;sea;1644;1;1;1;1;Narmada
3102;3589;sea;1644;1;1;1;1;Narmada
3593;3589;sea;1644;1;1;1;1;Narmada

3044;3657;sea;1645;1;1;1;1;Mahanadi
3044;3035;sea;1645;1;1;1;1;Mahanadi
5480;3035;sea;1645;1;1;1;1;Mahanadi
5480;3065;sea;1645;1;1;1;1;Mahanadi
3653;3065;sea;1645;1;1;1;1;Mahanadi
3789;3065;sea;1645;1;1;1;1;Mahanadi
3789;5477;sea;1645;1;1;1;1;Mahanadi
3652;5477;sea;1645;1;1;1;1;Mahanadi

3716;2981;sea;1628;1;1;1;1;Ganges
3765;2981;sea;1628;1;1;1;1;Ganges
3765;3715;sea;1628;1;1;1;1;Ganges
2982;3715;sea;1628;1;1;1;1;Ganges
3913;3715;sea;1628;1;1;1;1;Ganges
3913;5361;sea;1628;1;1;1;1;Ganges
3913;3708;sea;1628;1;1;1;1;Ganges
3891;3708;sea;1628;1;1;1;1;Ganges
3891;3914;sea;1628;1;1;1;1;Ganges
5365;3914;sea;1628;1;1;1;1;Ganges
5365;3915;sea;1628;1;1;1;1;Ganges
2985;3915;sea;1628;1;1;1;1;Ganges
2985;3007;sea;1628;1;1;1;1;Ganges
3043;3007;sea;1628;1;1;1;1;Ganges
3043;3907;sea;1628;1;1;1;1;Ganges
3709;3907;sea;1628;1;1;1;1;Ganges
3709;3617;sea;1628;1;1;1;1;Ganges
5397;3617;sea;1628;1;1;1;1;Ganges
3041;3617;sea;1628;1;1;1;1;Ganges
3041;3908;sea;1628;1;1;1;1;Ganges
3041;3006;sea;1628;1;1;1;1;Ganges
5398;3006;sea;1628;1;1;1;1;Ganges
5398;3776;sea;1628;1;1;1;1;Ganges
3611;3776;sea;1628;1;1;1;1;Ganges
3611;2992;sea;1628;1;1;1;1;Ganges
3612;2992;sea;1627;1;1;1;1;Ganges
3027;2992;sea;1627;1;1;1;1;Ganges
3027;3775;sea;1627;1;1;1;1;Ganges
3027;3648;sea;1627;1;1;1;1;Ganges
3027;3000;sea;1627;1;1;1;1;Ganges
3025;3000;sea;1627;1;1;1;1;Ganges
3025;5359;sea;1627;1;1;1;1;Ganges
3026;5359;sea;1627;1;1;1;1;Ganges
3026;2997;sea;1627;1;1;1;1;Ganges
3024;2997;sea;1627;1;1;1;1;Ganges
3024;3773;sea;1627;1;1;1;1;Ganges
5116;3773;sea;1627;1;1;1;1;Ganges
5116;2998;sea;1627;1;1;1;1;Ganges
5116;3522;sea;1627;1;1;1;1;Ganges
3023;3522;sea;1627;1;1;1;1;Ganges
3020;3522;sea;1627;1;1;1;1;Ganges
3020;3001;sea;1627;1;1;1;1;Ganges
5117;3001;sea;1626;1;1;1;1;Ganges
5117;3901;sea;1626;1;1;1;1;Ganges
3816;3901;sea;1626;1;1;1;1;Ganges
3816;3500;sea;1626;1;1;1;1;Ganges
3019;3500;sea;1626;1;1;1;1;Ganges
3019;3520;sea;1626;1;1;1;1;Ganges
3731;3520;sea;1626;1;1;1;1;Ganges
3731;3009;sea;1626;1;1;1;1;Ganges
3018;3722;sea;1626;1;1;1;1;Ganges
3018;6515;sea;1626;1;1;1;1;Ganges
3018;3495;sea;1626;1;1;1;1;Ganges
3727;3495;sea;1626;1;1;1;1;Ganges

3520;3009;sea;1629;1;1;1;1;Brahmaputra
3902;6529;sea;1629;1;1;1;1;Brahmaputra
3905;6529;sea;1629;1;1;1;1;Brahmaputra
3905;6528;sea;1629;1;1;1;1;Brahmaputra
3003;6528;sea;1629;1;1;1;1;Brahmaputra
3003;3721;sea;1629;1;1;1;1;Brahmaputra
3499;3721;sea;1629;1;1;1;1;Brahmaputra
3499;3544;sea;1629;1;1;1;1;Brahmaputra
3538;3544;sea;1629;1;1;1;1;Brahmaputra
3004;3544;sea;1629;1;1;1;1;Brahmaputra
3541;3544;sea;1629;1;1;1;1;Brahmaputra
3541;3011;sea;1629;1;1;1;1;Brahmaputra
3541;3011;sea;1629;1;1;1;1;Brahmaputra

4480;4483;sea;4594;1;1;1;1;Han
4471;4483;sea;4594;1;1;1;1;Han

4484;4482;sea;4592;1;1;1;1;Yangtze
4484;4471;sea;4592;1;1;1;1;Yangtze
4479;4471;sea;4592;1;1;1;1;Yangtze
4479;4473;sea;4592;1;1;1;1;Yangtze
4479;4477;sea;4592;1;1;1;1;Yangtze
4474;4477;sea;4591;1;1;1;1;Yangtze
4474;4476;sea;4591;1;1;1;1;Yangtze
4509;4476;sea;4591;1;1;1;1;Yangtze
4496;4424;sea;4590;1;1;1;1;Yangtze
4444;4424;sea;4590;1;1;1;1;Yangtze
4444;4415;sea;4590;1;1;1;1;Yangtze
4426;4425;sea;4589;1;1;1;1;Yangtze
4446;4412;sea;4589;1;1;1;1;Yangtze
4446;4412;sea;4589;1;1;1;1;Yangtze
4445;4405;sea;4588;1;1;1;1;Yangtze
4445;4404;sea;4588;1;1;1;1;Yangtze
4427;4404;sea;4588;1;1;1;1;Yangtze


4351;4127;sea;4634;1;1;1;1;Yellow River
4351;4123;sea;4634;1;1;1;1;Yellow River
4352;4123;sea;4634;1;1;1;1;Yellow River
4352;4131;sea;4634;1;1;1;1;Yellow River
4353;4362;sea;4634;1;1;1;1;Yellow River
4378;4362;sea;4633;1;1;1;1;Yellow River
4356;4361;sea;4633;1;1;1;1;Yellow River
4345;4361;sea;4632;1;1;1;1;Yellow River
4300;4360;sea;4632;1;1;1;1;Yellow River
4300;4357;sea;4631;1;1;1;1;Yellow River
4311;4357;sea;4631;1;1;1;1;Yellow River
4318;4357;sea;4631;1;1;1;1;Yellow River
4309;4271;sea;4630;1;1;1;1;Yellow River
4269;4271;sea;4630;1;1;1;1;Yellow River
4269;4260;sea;4630;1;1;1;1;Yellow River
4269;4608;sea;4630;1;1;1;1;Yellow River
4259;4608;sea;4629;1;1;1;1;Yellow River
4267;4608;sea;4629;1;1;1;1;Yellow River
4267;4268;sea;4628;1;1;1;1;Yellow River
4266;4268;sea;4628;1;1;1;1;Yellow River
4264;4268;sea;4628;1;1;1;1;Yellow River
4264;4257;sea;4627;1;1;1;1;Yellow River
4265;4257;sea;4626;1;1;1;1;Yellow River
4108;4107;sea;8487;1;1;1;1;Yellow River
4103;4107;sea;8487;1;1;1;1;Yellow River
4103;4105;sea;8486;1;1;1;1;Yellow River
4101;4106;sea;8486;1;1;1;1;Yellow River
4023;4108;sea;8489;1;1;1;1;Yellow River
4034;4108;sea;8489;1;1;1;1;Yellow River
4035;4108;sea;8489;1;1;1;1;Yellow River
4035;4100;sea;8489;1;1;1;1;Yellow River
4037;4100;sea;8488;1;1;1;1;Yellow River
4102;4100;sea;8488;1;1;1;1;Yellow River
4102;4101;sea;8488;1;1;1;1;Yellow River
4094;4101;sea;8488;1;1;1;1;Yellow River
4094;4106;sea;8485;1;1;1;1;Yellow River
4117;4106;sea;8485;1;1;1;1;Yellow River
4117;4109;sea;8485;1;1;1;1;Yellow River
4119;4109;sea;8484;1;1;1;1;Yellow River
4119;4118;sea;8484;1;1;1;1;Yellow River
4110;4118;sea;8484;1;1;1;1;Yellow River
4115;4113;sea;8484;1;1;1;1;Yellow River
4115;4121;sea;8483;1;1;1;1;Yellow River
4128;4358;sea;8483;1;1;1;1;Yellow River
4122;4360;sea;8477;1;1;1;1;Yellow River
4122;4359;sea;8476;1;1;1;1;Yellow River
4132;4359;sea;8476;1;1;1;1;Yellow River
4131;4362;sea;8476;1;1;1;1;Yellow River
4107;4252;sea;8482;1;1;1;1;Yellow River
4107;4253;sea;8482;1;1;1;1;Yellow River
4105;4253;sea;8481;1;1;1;1;Yellow River
4104;4255;sea;8481;1;1;1;1;Yellow River
4104;4256;sea;8480;1;1;1;1;Yellow River
4272;4256;sea;8480;1;1;1;1;Yellow River
4272;4261;sea;8480;1;1;1;1;Yellow River
4272;4260;sea;8479;1;1;1;1;Yellow River
4113;4260;sea;8479;1;1;1;1;Yellow River

#Canal of Pharaohs
1453;1472;canal;742;-1;-1;-1;-1;nile_canal

#Sea adjacencies

4538;4536;sea;4624;-1;-1;-1;-1;China
7862;7963;sea;7499;-1;-1;-1;-1;SEA
7964;7963;sea;7499;-1;-1;-1;-1;SEA
7961;7963;sea;7499;-1;-1;-1;-1;SEA
7962;7963;sea;7499;-1;-1;-1;-1;SEA
7962;7964;sea;6861;-1;-1;-1;-1;SEA
7970;7964;sea;6861;-1;-1;-1;-1;SEA
7859;7852;sea;6861;-1;-1;-1;-1;SEA
7970;7852;sea;6861;-1;-1;-1;-1;SEA
7971;7852;sea;6861;-1;-1;-1;-1;SEA
7856;7851;sea;6840;-1;-1;-1;-1;SEA
7859;7851;sea;6840;-1;-1;-1;-1;SEA
7857;7851;sea;6840;-1;-1;-1;-1;SEA
7857;7855;sea;6840;-1;-1;-1;-1;SEA
7853;7851;sea;6840;-1;-1;-1;-1;SEA
7853;7855;sea;6840;-1;-1;-1;-1;SEA
7853;7854;sea;6840;-1;-1;-1;-1;SEA
7971;7854;sea;6840;-1;-1;-1;-1;SEA
7647;7646;sea;6836;-1;-1;-1;-1;SEA
7647;7649;sea;6838;-1;-1;-1;-1;SEA
7835;7834;sea;6840;-1;-1;-1;-1;SEA
7572;7579;sea;7920;-1;-1;-1;-1;SEA
7814;7595;sea;7694;-1;-1;-1;-1;SEA

7872;7873;sea;6856;-1;-1;-1;-1;Andaman & Nicobar
7874;7873;sea;7097;-1;-1;-1;-1;Andaman & Nicobar
7869;7868;sea;6852;-1;-1;-1;-1;Andaman & Nicobar
7869;7875;sea;6851;-1;-1;-1;-1;Andaman & Nicobar
7871;7870;sea;6851;-1;-1;-1;-1;Andaman & Nicobar

7521;7520;sea;7501;-1;-1;-1;-1;Okinawa
7517;7518;sea;7505;-1;-1;-1;-1;Okinawa
7515;7514;sea;7506;-1;-1;-1;-1;Okinawa
7513;7514;sea;7506;-1;-1;-1;-1;Okinawa
7513;7511;sea;7506;-1;-1;-1;-1;Okinawa
7512;7511;sea;7506;-1;-1;-1;-1;Okinawa
7509;7508;sea;7507;-1;-1;-1;-1;Okinawa
7509;7510;sea;7507;-1;-1;-1;-1;Okinawa

7430;116;sea;7431;-1;-1;-1;-1;Venetia
7430;6888;sea;7431;-1;-1;-1;-1;Venetia
7430;6887;sea;7431;-1;-1;-1;-1;Venetia
6888;6887;sea;7431;-1;-1;-1;-1;Venetia


5416;3495;sea;1536;-1;-1;-1;-1;Ganges
5416;3502;sea;1536;-1;-1;-1;-1;Ganges
5416;3496;sea;1536;-1;-1;-1;-1;Ganges
5416;6516;sea;1536;-1;-1;-1;-1;Ganges
5416;3727;sea;1626;1;1;1;1;Ganges

5124;3687;sea;1538;-1;-1;-1;-1;Arakan


1025;1023;sea;1420;-1;-1;-1;-1;Aegean
993;992;sea;1417;-1;-1;-1;-1;Aegean
5512;979;sea;1416;-1;-1;-1;-1;Aegean
5512;980;sea;1416;-1;-1;-1;-1;Aegean
5512;5513;sea;1416;-1;-1;-1;-1;Aegean
5514;5513;sea;1416;-1;-1;-1;-1;Aegean
5514;981;sea;1416;-1;-1;-1;-1;Aegean
5515;976;sea;1416;-1;-1;-1;-1;Aegean
5515;977;sea;1416;-1;-1;-1;-1;Aegean
5515;5516;sea;1416;-1;-1;-1;-1;Aegean
977;5516;sea;1416;-1;-1;-1;-1;Aegean
977;979;sea;1416;-1;-1;-1;-1;Aegean

7;14;sea;1374;-1;-1;-1;-1;Sicily
124;8207;sea;1357;-1;-1;-1;-1;Sardinia-Corsica
137;515;sea;1337;-1;-1;-1;-1;Gibraltar
138;515;sea;1337;-1;-1;-1;-1;Gibraltar
286;287;sea;1287;-1;-1;-1;-1;Vectis
292;2114;sea;1268;-1;-1;-1;-1;Toliatis
342;340;sea;1279;-1;-1;-1;-1;Ebudes
342;341;sea;1278;-1;-1;-1;-1;Dumna
347;348;sea;1272;-1;-1;-1;-1;Orcades
1817;1813;sea;1255;-1;-1;-1;-1;Fjon
1817;8156;sea;1255;-1;-1;-1;-1;Fjon
6482;6480;sea;1255;-1;-1;-1;-1;Sjeland
6481;6480;sea;1255;-1;-1;-1;-1;Sjeland
6482;6481;sea;1255;-1;-1;-1;-1;Sjeland
6483;1818;sea;1257;-1;-1;-1;-1;Sjeland
8162;6489;sea;1258;-1;-1;-1;-1;Sweden
120;75;sea;1353;-1;-1;-1;-1;Ilva
621;630;sea;1377;-1;-1;-1;-1;Kyrannis
638;637;sea;1377;-1;-1;-1;-1;Meninx
636;637;sea;1377;-1;-1;-1;-1;Meninx
931;930;sea;1395;-1;-1;-1;-1;Kythera
6434;1014;sea;1646;-1;-1;-1;-1;CorinthusSinus
1039;1041;sea;1393;-1;-1;-1;-1;Corfu
1036;1041;sea;1393;-1;-1;-1;-1;Corfu
6474;6475;sea;1393;-1;-1;-1;-1;Ambracia
1170;1164;sea;1391;-1;-1;-1;-1;Liburnia
1170;1163;sea;1391;-1;-1;-1;-1;Liburnia
1170;1171;sea;1391;-1;-1;-1;-1;Liburnia
1165;1171;sea;1391;-1;-1;-1;-1;Liburnia
1150;1149;sea;1389;-1;-1;-1;-1;Dalmatia
1148;1149;sea;1389;-1;-1;-1;-1;Dalmatia
1148;1146;sea;1389;-1;-1;-1;-1;Dalmatia
978;982;sea;1416;-1;-1;-1;-1;Cyclades
978;5510;sea;1416;-1;-1;-1;-1;Cyclades
5511;5510;sea;1416;-1;-1;-1;-1;Cyclades
978;979;sea;1416;-1;-1;-1;-1;Cyclades
5548;972;sea;1650;1;1;1;1;Euboea
964;972;sea;1420;-1;-1;-1;-1;Euboea
970;1023;sea;1420;-1;-1;-1;-1;Euboea
971;5541;sea;1420;-1;-1;-1;-1;Euboea
961;6592;sea;1415;-1;-1;-1;-1;Euboea
1077;999;sea;1423;-1;-1;-1;-1;Thasos
1082;2118;sea;1427;-1;-1;-1;-1;Hellespontus
1082;5594;sea;1427;-1;-1;-1;-1;Hellespontus
1081;2117;sea;1427;-1;-1;-1;-1;Hellespontus
1086;2151;sea;1429;-1;-1;-1;-1;Bosporus
7187;2068;sea;1449;-1;-1;-1;-1;BosporusCimmeria
7186;2070;sea;1449;-1;-1;-1;-1;BosporusCimmeria
2256;2530;sea;1473;-1;-1;-1;-1;Arabia-Sinai
876;2597;sea;1485;-1;-1;-1;-1;Arabia-Aethiopia
896;871;sea;1482;-1;-1;-1;-1;Aethiopia
2651;2650;sea;1508;-1;-1;-1;-1;Arabia
8658;2646;sea;1509;-1;-1;-1;-1;Arabia
2582;2585;sea;1505;-1;-1;-1;-1;Arabia
2638;2637;sea;1493;-1;-1;-1;-1;Arabia
2710;2711;sea;1509;-1;-1;-1;-1;Hormuz
2710;4811;sea;1509;-1;-1;-1;-1;Hormuz

3509;2956;sea;1519;-1;-1;-1;-1;India
2914;2958;sea;1519;-1;-1;-1;-1;India
2914;2921;sea;1519;-1;-1;-1;-1;India
3533;3526;sea;1519;-1;-1;-1;-1;India
2948;3526;sea;1519;-1;-1;-1;-1;India
3532;2923;sea;1519;-1;-1;-1;-1;India

6475;1013;sea;1393;-1;-1;-1;-1;IonianIsles
1012;1011;sea;1393;-1;-1;-1;-1;IonianIsles
1012;1013;sea;1393;-1;-1;-1;-1;IonianIsles
6594;1025;sea;1420;-1;-1;-1;-1;AegeanSea
959;5546;sea;1409;-1;-1;-1;-1;Salamis
957;5546;sea;1409;-1;-1;-1;-1;Aigina
957;940;sea;1409;-1;-1;-1;-1;Aigina
3261;3262;sea;671;-1;-1;-1;-1;WesternAfrica
693;8275;sea;671;-1;-1;-1;-1;WesternAfrica
3264;8275;sea;671;-1;-1;-1;-1;WesternAfrica
676;8276;sea;671;-1;-1;-1;-1;WesternAfrica
8076;8276;sea;671;-1;-1;-1;-1;WesternAfrica
8014;8277;sea;8152;-1;-1;-1;-1;WesternAfrica
8097;8277;sea;8152;-1;-1;-1;-1;WesternAfrica
8275;8277;sea;8152;-1;-1;-1;-1;WesternAfrica

#Filipinas

6651;6639;sea;7876;-1;-1;-1;-1;Filipinas
6640;6642;sea;7876;-1;-1;-1;-1;Filipinas
6671;6642;sea;7880;-1;-1;-1;-1;Filipinas
6643;6642;sea;7876;-1;-1;-1;-1;Filipinas
6672;6689;sea;7880;-1;-1;-1;-1;Filipinas
6672;6665;sea;7880;-1;-1;-1;-1;Filipinas
6665;6689;sea;7880;-1;-1;-1;-1;Filipinas
6665;6657;sea;7880;-1;-1;-1;-1;Filipinas
6664;6655;sea;7879;-1;-1;-1;-1;Filipinas
6664;6661;sea;7879;-1;-1;-1;-1;Filipinas
6654;6659;sea;6602;-1;-1;-1;-1;Filipinas
6662;6683;sea;7877;-1;-1;-1;-1;Filipinas
6657;6660;sea;6602;-1;-1;-1;-1;Filipinas
6680;6660;sea;6602;-1;-1;-1;-1;Filipinas
6685;6674;sea;6602;-1;-1;-1;-1;Filipinas
6685;6679;sea;6602;-1;-1;-1;-1;Filipinas
6680;6674;sea;6602;-1;-1;-1;-1;Filipinas
6675;6674;sea;6602;-1;-1;-1;-1;Filipinas
6675;6677;sea;7881;-1;-1;-1;-1;Filipinas
6676;6677;sea;7881;-1;-1;-1;-1;Filipinas
6637;6687;sea;7881;-1;-1;-1;-1;Filipinas
6637;6677;sea;7881;-1;-1;-1;-1;Filipinas
6751;6676;sea;7881;-1;-1;-1;-1;Filipinas
6641;6643;sea;7876;-1;-1;-1;-1;Filipinas
6635;6643;sea;7876;-1;-1;-1;-1;Filipinas
6692;6628;sea;7078;-1;-1;-1;-1;Filipinas
6679;6716;sea;6602;-1;-1;-1;-1;Filipinas
6718;6716;sea;7877;-1;-1;-1;-1;Filipinas
6679;6718;sea;7877;-1;-1;-1;-1;Filipinas
6717;6716;sea;7877;-1;-1;-1;-1;Filipinas
6721;6715;sea;7877;-1;-1;-1;-1;Filipinas
6700;6698;sea;7893;-1;-1;-1;-1;Filipinas
6694;6698;sea;7893;-1;-1;-1;-1;Filipinas
6694;6696;sea;7892;-1;-1;-1;-1;Filipinas
6695;6696;sea;7892;-1;-1;-1;-1;Filipinas
6695;6697;sea;7892;-1;-1;-1;-1;Filipinas
6646;6644;sea;7878;-1;-1;-1;-1;Filipinas
6640;6644;sea;7878;-1;-1;-1;-1;Filipinas
6609;6611;sea;7083;-1;-1;-1;-1;Filipinas
6632;6633;sea;6600;-1;-1;-1;-1;Filipinas
6636;6638;sea;7076;-1;-1;-1;-1;Filipinas

8233;307;sea;1283;1;1;1;1;Wales

633;691;sea;670;-1;-1;-1;-1;Oasis
689;691;sea;670;-1;-1;-1;-1;Oasis
596;691;sea;670;-1;-1;-1;-1;Oasis
692;690;sea;687;-1;-1;-1;-1;Oasis
692;676;sea;687;-1;-1;-1;-1;Oasis
675;686;sea;688;-1;-1;-1;-1;Oasis
685;686;sea;688;1;1;1;1;Oasis
8436;685;sea;684;-1;-1;-1;-1;Oasis
8434;678;sea;684;-1;-1;-1;-1;Oasis
662;677;sea;673;-1;-1;-1;-1;Oasis
662;674;sea;672;-1;-1;-1;-1;Oasis
662;661;sea;672;-1;-1;-1;-1;Oasis
659;661;sea;672;-1;-1;-1;-1;Oasis
657;661;sea;672;-1;-1;-1;-1;Oasis
657;663;sea;672;-1;-1;-1;-1;Oasis
659;658;sea;672;-1;-1;-1;-1;Oasis
713;658;sea;673;-1;-1;-1;-1;Oasis
666;656;sea;667;-1;-1;-1;-1;Oasis
643;656;sea;668;-1;-1;-1;-1;Oasis
660;663;sea;714;-1;-1;-1;-1;Oasis
660;665;sea;714;-1;-1;-1;-1;Oasis
660;655;sea;714;-1;-1;-1;-1;Oasis
713;711;sea;714;-1;-1;-1;-1;Oasis
712;711;sea;797;-1;-1;-1;-1;Oasis
712;1641;sea;797;1;1;1;1;Oasis
699;1641;sea;797;1;1;1;1;Oasis
1639;715;sea;797;-1;-1;-1;-1;Oasis
716;715;sea;797;-1;-1;-1;-1;Oasis
716;718;sea;797;-1;-1;-1;-1;Oasis
725;719;sea;797;-1;-1;-1;-1;Oasis
717;787;sea;800;-1;-1;-1;-1;Oasis
752;786;sea;798;-1;-1;-1;-1;Oasis
746;786;sea;798;-1;-1;-1;-1;Oasis
787;788;sea;799;-1;-1;-1;-1;Oasis
789;788;sea;799;-1;-1;-1;-1;Oasis
791;793;sea;853;-1;-1;-1;-1;Oasis
757;792;sea;799;-1;-1;-1;-1;Oasis
793;794;sea;853;-1;-1;-1;-1;Oasis
3229;794;sea;853;-1;-1;-1;-1;Oasis
3229;803;sea;853;-1;-1;-1;-1;Oasis
2249;753;sea;771;1;1;1;1;Oasis
2249;768;sea;771;-1;-1;-1;-1;Oasis
801;848;sea;850;-1;-1;-1;-1;Oasis
845;848;sea;851;-1;-1;-1;-1;Oasis
1640;796;sea;800;-1;-1;-1;-1;Oasis
679;796;sea;854;-1;-1;-1;-1;Oasis
679;906;sea;854;-1;-1;-1;-1;Oasis
8398;906;sea;854;-1;-1;-1;-1;Oasis
860;861;sea;907;-1;-1;-1;-1;Oasis
860;8395;sea;907;-1;-1;-1;-1;Oasis
2297;2522;sea;2248;1;1;1;1;Oasis
2520;2523;sea;2248;-1;-1;-1;-1;Oasis
2521;2546;sea;2591;-1;-1;-1;-1;Oasis
2544;2545;sea;2591;-1;-1;-1;-1;Oasis
2714;2545;sea;2591;-1;-1;-1;-1;Oasis
2714;2534;sea;2591;-1;-1;-1;-1;Oasis
2714;2535;sea;2591;-1;-1;-1;-1;Oasis
2714;2538;sea;2591;-1;-1;-1;-1;Oasis
2714;2539;sea;2591;-1;-1;-1;-1;Oasis
2544;2539;sea;2591;-1;-1;-1;-1;Oasis
2714;2544;sea;2591;-1;-1;-1;-1;Oasis
2543;2544;sea;2591;-1;-1;-1;-1;Oasis
2544;2564;sea;2591;-1;-1;-1;-1;Oasis
2551;2564;sea;2591;-1;-1;-1;-1;Oasis
2573;2564;sea;2591;-1;-1;-1;-1;Oasis
2520;2564;sea;2591;-1;-1;-1;-1;Oasis
2276;2297;sea;2591;-1;-1;-1;-1;Oasis
2573;2579;sea;2590;-1;-1;-1;-1;Oasis
2573;2574;sea;2631;-1;-1;-1;-1;Oasis
2575;2587;sea;2631;1;1;1;1;Oasis
2587;2578;sea;2527;-1;-1;-1;-1;Oasis
2576;2577;sea;2631;-1;-1;-1;-1;Oasis
2557;2577;sea;2631;-1;-1;-1;-1;Oasis
2570;2577;sea;2631;-1;-1;-1;-1;Oasis
2576;2630;sea;2631;-1;-1;-1;-1;Oasis
2629;2630;sea;2631;-1;-1;-1;-1;Oasis
2629;2570;sea;2631;-1;-1;-1;-1;Oasis
2629;2567;sea;2631;-1;-``1;-1;-1;Oasis
2629;2605;sea;2527;-1;-1;-1;-1;Oasis
2589;2574;sea;2590;-1;-1;-1;-1;Oasis
2520;2573;sea;2591;-1;-1;-1;-1;Oasis
822;849;sea;850;-1;-1;-1;-1;Oasis
722;715;sea;797;-1;-1;-1;-1;Oasis
789;796;sea;800;-1;-1;-1;-1;Oasis

8655;8653;sea;2527;-1;-1;-1;-1;Oasis
8655;8650;sea;2527;-1;-1;-1;-1;Oasis
8655;2634;sea;2527;-1;-1;-1;-1;Oasis

3427;3320;sea;3234;-1;-1;-1;-1;Oasis

3385;4141;sea;3411;-1;-1;-1;-1;GobiDesert
4571;4142;sea;3415;-1;-1;-1;-1;GobiDesert
3390;3997;sea;3411;-1;-1;-1;-1;GobiDesert

1732;5949;sea;3415;-1;-1;-1;-1;GobiDesert
5949;4574;sea;3415;-1;-1;-1;-1;GobiDesert

8147;8146;sea;688;-1;-1;-1;-1;Africa
8147;685;sea;688;-1;-1;-1;-1;Africa

441;439;sea;8639;-1;-1;-1;-1;Gaul
451;439;sea;8639;-1;-1;-1;-1;Gaul

-1;-1;;-1;-1;-1;-1;-1;-1;